<?xml version="1.0" encoding="UTF-8"?>

<!DOCTYPE mapper PUBLIC "-//mybatis.org//DTD Mapper 3.0//EN"
 			"http://mybatis.org/dtd/mybatis-3-mapper.dtd">
 
 <mapper namespace="hello.itemservice.repository.mybatis.ItemMapper">
 	
 	<insert id="save" useGeneratedKeys="true" keyProperty="id">
 		insert into item (item_name, price, quantity)
 		values (#{itemName}, #{price}, #{quantity})
 	</insert>
 
 	<update id="update">
 		update item
	 		set item_name= #{updateParam.itemName},
	 		set price= #{updateParam.price},
	 		set quantity= #{updateParam.quantity}
 		where id = #{id}
 	</update>
 
 	<select id="findById" resultType="Item">
 		select id, item_name, price, quantity
 		from item
 		where id = #{id}
 	</select>
 
 	<select id="findAll" resultType="Item">
 		select id, item_name, price, quantity
 		from item
 		<where>
 			<if test="itemName != null and itemName != '' " >
 				and item_name like concat('%', #{itemName}, '%')
 			</if>
 			
 			<if test="maxPrice != null">
 				and price &lt;= #{maxPrice}
 			</if> 			
 		</where>
 	</select>

 </mapper>
 
 
 
 
 
 
 
 
 
 
 
 
 
 
 
 